{"actions":[],"apps":[{"acl":{"app":[],"field":[],"record":[]},"app":null,"category":{"categories":[],"useCategory":"false"},"form":{"layout":"[{\"id\":null,\"type\":\"ROW\",\"isSubTable\":false,\"var\":null,\"label\":null,\"controlList\":[{\"isVirtical\":true,\"styleMap\":{\"width\":117},\"type\":\"DATE\",\"var\":\"日付\",\"label\":\"日付\"},{\"isVirtical\":true,\"styleMap\":{\"width\":344},\"type\":\"USER_SELECT\",\"var\":\"ユーザー\",\"label\":\"作成者\"}]},{\"id\":null,\"type\":\"ROW\",\"isSubTable\":false,\"var\":null,\"label\":null,\"controlList\":[{\"isVirtical\":true,\"styleMap\":{\"width\":540,\"height\":162,\"innerHeight\":125},\"type\":\"MULTIPLE_LINE_TEXT\",\"var\":\"文字列__複数行_\",\"label\":\"ミッション\"}]},{\"id\":\"5324020\",\"type\":\"SUBTABLE\",\"isSubTable\":true,\"var\":\"Table\",\"label\":\"Table\",\"controlList\":[{\"isVirtical\":true,\"styleMap\":{\"width\":196},\"type\":\"SINGLE_SELECT\",\"var\":\"Action5\",\"label\":\"Action5\\u002B1\"},{\"isVirtical\":true,\"styleMap\":{\"width\":365,\"height\":144,\"innerHeight\":84},\"type\":\"MULTIPLE_LINE_TEXT\",\"var\":\"課題\",\"label\":\"課題\"},{\"isVirtical\":true,\"styleMap\":{\"width\":364},\"type\":\"MULTIPLE_CHECK\",\"var\":\"状況\",\"label\":\"状況\",\"align\":\"horizontal\"}]}]","revision":null},"iconMeta":null,"info":{"automaticallyChooseTitleComponent":"false","code":null,"decimalPrecision":"16","decimalScale":"4","description":"\u003Cdiv\u003E[dojo] kintone JavaScriptAPI/kintone REST API課題用アプリ\u003C/div\u003E","enableBulkDeletion":"false","enableRecordReuse":"true","fiscalYearStartMonth":"4","iconKey":"APP54","iconType":"PRESET","jsFiles":null,"jsScope":"ALL","name":"[dojo]Action 5\u002B1","roundingMode":"HALF_EVEN","theme":"PLAIN","titleComponentLocalId":null,"useComment":"true","useHistory":"true","useThumbnail":"true"},"jsFiles":[],"notification":{"appNotifications":[{"events":["RECORD_COMMENT_ADDED"],"target":{"entityId":"5323997","entityType":"FIELD_ENTITY","includeSubs":"false"}},{"events":["RECORD_COMMENT_ADDED"],"target":{"entityId":"5323998","entityType":"FIELD_ENTITY","includeSubs":"false"}}],"recordNotifications":[],"reminderTimezone":null,"reminders":[],"useComment":"true","useReminder":"false"},"plugins":[],"reports":[],"resource":{"tables":[{"rows":[{"fields":[],"objectId":"0","subObjectId":"-1"}],"type":"AppName"},{"rows":[{"fields":[],"objectId":"0","subObjectId":"-1"}],"type":"AppDescription"},{"rows":[{"fields":[],"objectId":"5323996","subObjectId":"-1"},{"fields":[],"objectId":"5323997","subObjectId":"-1"},{"fields":[],"objectId":"5323998","subObjectId":"-1"},{"fields":[],"objectId":"5323999","subObjectId":"-1"},{"fields":[],"objectId":"5324000","subObjectId":"-1"},{"fields":[],"objectId":"5324001","subObjectId":"-1"},{"fields":[],"objectId":"5324002","subObjectId":"-1"},{"fields":[],"objectId":"5324003","subObjectId":"-1"},{"fields":[],"objectId":"5324020","subObjectId":"-1"},{"fields":[],"objectId":"5324017","subObjectId":"-1"},{"fields":[],"objectId":"5324017","subObjectId":"5324007"},{"fields":[],"objectId":"5324017","subObjectId":"5324008"},{"fields":[],"objectId":"5324017","subObjectId":"5324009"},{"fields":[],"objectId":"5324017","subObjectId":"5324010"},{"fields":[],"objectId":"5324017","subObjectId":"5324011"},{"fields":[],"objectId":"5324017","subObjectId":"5324012"},{"fields":[],"objectId":"5324017","subObjectId":"5324026"},{"fields":[],"objectId":"5324018","subObjectId":"-1"},{"fields":[],"objectId":"5324019","subObjectId":"-1"},{"fields":[],"objectId":"5324019","subObjectId":"5324013"},{"fields":[],"objectId":"5324019","subObjectId":"5324014"},{"fields":[],"objectId":"5324019","subObjectId":"5324015"},{"fields":[],"objectId":"5324019","subObjectId":"5324016"},{"fields":[],"objectId":"5324023","subObjectId":"-1"},{"fields":[],"objectId":"5324025","subObjectId":"-1"},{"fields":[],"objectId":"5853186","subObjectId":"-1"}],"type":"FieldLabel"},{"rows":[{"fields":[],"objectId":"20","subObjectId":"-1"}],"type":"ViewName"}]},"schema":{"groups":[],"revision":null,"subTable":{"5324020":{"fieldList":{"5324017":{"id":"5324017","label":"Action5\u002B1","properties":{"defaultValue":null,"noLabel":"false","options":[{"id":"5324007","label":"あくなき探求","valid":true},{"id":"5324008","label":"不屈の心体","valid":true},{"id":"5324009","label":"理想への共感","valid":true},{"id":"5324010","label":"心を動かす","valid":true},{"id":"5324011","label":"知識を増やす","valid":true},{"id":"5324012","label":"公明正大","valid":true},{"id":"5324026","label":"その他","valid":false}],"required":"false"},"type":"SINGLE_SELECT","var":"Action5"},"5324018":{"id":"5324018","label":"課題","properties":{"defaultValue":"","noLabel":"false","required":"false"},"type":"MULTIPLE_LINE_TEXT","var":"課題"},"5324019":{"id":"5324019","label":"状況","properties":{"defaultValue":["5324013"],"noLabel":"false","options":[{"id":"5324013","label":"未振り返り","valid":true},{"id":"5324014","label":"○","valid":true},{"id":"5324015","label":"△","valid":true},{"id":"5324016","label":"×","valid":true}],"required":"false"},"type":"MULTIPLE_CHECK","var":"状況"}},"id":"5324020","label":"Table","properties":{"noLabel":"true"},"type":"TABLE","var":"Table"}},"table":{"fieldList":{"5323996":{"id":"5323996","label":"レコード番号","properties":{"noLabel":"false","required":"true"},"type":"RECORD_ID","var":"レコード番号"},"5323997":{"id":"5323997","label":"更新者","properties":{"noLabel":"false","required":"true"},"type":"MODIFIER","var":"更新者"},"5323998":{"id":"5323998","label":"作成者","properties":{"noLabel":"false","required":"true"},"type":"CREATOR","var":"作成者"},"5323999":{"id":"5323999","label":"更新日時","properties":{"noLabel":"false","required":"true"},"type":"MODIFIED_AT","var":"更新日時"},"5324000":{"id":"5324000","label":"作成日時","properties":{"noLabel":"false","required":"true"},"type":"CREATED_AT","var":"作成日時"},"5324001":{"id":"5324001","label":"ステータス","properties":{"noLabel":"false","required":"false"},"type":"STATUS","var":"ステータス"},"5324002":{"id":"5324002","label":"作業者","properties":{"noLabel":"false","required":"false"},"type":"STATUS_ASSIGNEE","var":"作業者"},"5324003":{"id":"5324003","label":"カテゴリー","properties":{"noLabel":"false","required":"false"},"type":"CATEGORY","var":"カテゴリー"},"5324023":{"id":"5324023","label":"ミッション","properties":{"defaultValue":"","noLabel":"false","required":"false"},"type":"MULTIPLE_LINE_TEXT","var":"文字列__複数行_"},"5324025":{"id":"5324025","label":"作成者","properties":{"defaultEntities":[{"birthDate":null,"callto":"","code":"bb","ctime":"2018-08-28T01:22:07Z","dateTimeLocale":null,"description":"","email":"","employeeNumber":"","employeeType":null,"entityType":"USER","extendedData":null,"extensionNumber":"","formattedDescription":"","givenName":"","givenNameReading":"","id":"11","initials":null,"isBuiltIn":false,"joinDate":null,"langLocale":null,"localName":"","localNameLocale":"ja","locale":"ja","middleName":null,"mobilePhone":"","mtime":"2020-06-16T05:37:20Z","name":"BB","numberLocale":null,"office":null,"phone":"","photo":{"small":"https://static.cybozu.com/contents/k/image/icon/user/user_16.svg","size_56":"https://static.cybozu.com/contents/k/image/icon/user/user_56.svg","normal":"https://static.cybozu.com/contents/k/image/icon/user/user_36.svg","size_32":"https://static.cybozu.com/contents/k/image/icon/user/user_32.svg","original":"https://static.cybozu.com/contents/k/image/icon/user/user.svg","original_r":"https://static.cybozu.com/contents/k/image/icon/user/user.svg","size_40":"https://static.cybozu.com/contents/k/image/icon/user/user_40.svg","size_48_r":"https://static.cybozu.com/contents/k/image/icon/user/user_48.svg","size_48":"https://static.cybozu.com/contents/k/image/icon/user/user_48.svg","size_96_r":"https://static.cybozu.com/contents/k/image/icon/user/user_96.svg","size_24":"https://static.cybozu.com/contents/k/image/icon/user/user_24.svg"},"photoMd5":null,"photoMime":null,"primaryOrganization":null,"removed":false,"serviceFlags":null,"sortOrder":null,"surName":"","surNameReading":"","timezone":"Asia/Tokyo","url":"","valid":true}],"defaultSelect":[{"entityType":"LOGINUSER","id":"1","name":null}],"entities":[],"noLabel":"false","required":"false","select":[]},"type":"USER_SELECT","var":"ユーザー"},"5853186":{"id":"5853186","label":"日付","properties":{"defaultExpression":"NOW","defaultValue":null,"noLabel":"false","required":"false","unique":"false"},"type":"DATE","var":"日付"}},"id":"1","label":"__ROOT__","properties":{"noLabel":"true"},"type":"TABLE","var":"__ROOT__"}},"settingsNotesForm":{"content":null,"willBeInherited":null},"status":{"actions":[],"filters":[],"initialStateId":null,"states":[],"useStatus":"false"},"uuid":"b3571d00-8bfc-47f4-98de-d17dbda760ae","views":[{"advancedMode":null,"builtinType":"ALL","device":null,"fields":[{"row":[{"columnWidth":null,"id":"5323996"},{"columnWidth":null,"id":"5324023"},{"columnWidth":null,"id":"5324025"},{"columnWidth":null,"id":"5853186"}]}],"filter":{"category":null,"offset":null,"order":[],"q":null,"size":null,"sort":[]},"html":null,"keyFieldId":null,"name":"（すべて）","pager":null,"revision":null,"titleFieldId":null,"view":"20","viewType":"LIST"}]}],"description":"","iconKey":"APP54","iconMeta":null,"iconSrcAppId":"b3571d00-8bfc-47f4-98de-d17dbda760ae","iconType":"PRESET","imagesMeta":[],"lookups":[],"name":"[dojo] kintoneAPI課題用アプリ","references":[],"version":"36"}