{"actions":[],"apps":[{"acl":{"app":[],"field":[],"record":[]},"app":null,"category":{"categories":[],"useCategory":"false"},"form":{"layout":"[{\"id\":null,\"type\":\"ROW\",\"isSubTable\":false,\"var\":null,\"label\":null,\"controlList\":[{\"isVirtical\":true,\"styleMap\":{\"width\":116},\"type\":\"DATE\",\"var\":\"日付\",\"label\":\"日付\"},{\"isVirtical\":true,\"styleMap\":{\"width\":195},\"type\":\"SINGLE_SELECT\",\"var\":\"サイボウズ製品\",\"label\":\"サイボウズ製品\"},{\"isVirtical\":true,\"styleMap\":{\"width\":193},\"type\":\"DECIMAL\",\"var\":\"管理番号\",\"label\":\"管理番号\"}]},{\"id\":null,\"type\":\"ROW\",\"isSubTable\":false,\"var\":null,\"label\":null,\"controlList\":[{\"styleMap\":{\"width\":461},\"type\":\"HR\"}]},{\"id\":null,\"type\":\"ROW\",\"isSubTable\":false,\"var\":null,\"label\":null,\"controlList\":[{\"label\":\"\\u003Cdiv\\u003E【標準機能】\\u003C/div\\u003E\\u003Cdiv\\u003E自動計算にすると重複禁止が設定できない\\u003Cbr /\\u003E\\u003C/div\\u003E\",\"styleMap\":{\"width\":312},\"formatted\":\"\\u003Cdiv\\u003E【標準機能】\\u003C/div\\u003E\\u003Cdiv\\u003E自動計算にすると重複禁止が設定できない\\u003Cbr\\u003E\\u003C/div\\u003E\",\"type\":\"LABEL\"}]},{\"id\":null,\"type\":\"ROW\",\"isSubTable\":false,\"var\":null,\"label\":null,\"controlList\":[{\"isVirtical\":true,\"styleMap\":{\"width\":435},\"type\":\"SINGLE_LINE_TEXT\",\"var\":\"重複禁止項目_自動計算\",\"label\":\"重複禁止項目_自動計算\"}]},{\"id\":null,\"type\":\"ROW\",\"isSubTable\":false,\"var\":null,\"label\":null,\"controlList\":[{\"styleMap\":{\"width\":461},\"type\":\"HR\"}]},{\"id\":null,\"type\":\"ROW\",\"isSubTable\":false,\"var\":null,\"label\":null,\"controlList\":[{\"label\":\"\\u003Cdiv\\u003E\\u003Cfont color=\\\"#ff0000\\\"\\u003E\\u003Cb\\u003E【JSカスタマイズ】\\u003C/b\\u003E\\u003C/font\\u003E\\u003C/div\\u003E\\u003Cdiv\\u003E\\u003Cfont color=\\\"#ff0000\\\"\\u003E\\u003Cb\\u003E文字列&#xff08;重複禁止設定あり&#xff09;のままで計算結果を挿入したい\\u003C/b\\u003E\\u003C/font\\u003E\\u003C/div\\u003E\",\"styleMap\":{\"width\":424},\"formatted\":\"\\u003Cdiv\\u003E\\u003Cfont color=\\\"#ff0000\\\"\\u003E\\u003Cb\\u003E【JSカスタマイズ】\\u003C/b\\u003E\\u003C/font\\u003E\\u003C/div\\u003E\\u003Cdiv\\u003E\\u003Cfont color=\\\"#ff0000\\\"\\u003E\\u003Cb\\u003E文字列（重複禁止設定あり）のままで計算結果を挿入したい\\u003C/b\\u003E\\u003C/font\\u003E\\u003C/div\\u003E\",\"type\":\"LABEL\"}]},{\"id\":null,\"type\":\"ROW\",\"isSubTable\":false,\"var\":null,\"label\":null,\"controlList\":[{\"isVirtical\":true,\"styleMap\":{\"width\":435},\"type\":\"SINGLE_LINE_TEXT\",\"var\":\"重複禁止項目_文字列\",\"label\":\"重複禁止項目_文字列\"}]}]","revision":null},"iconMeta":null,"info":{"automaticallyChooseTitleComponent":"true","code":null,"decimalPrecision":"16","decimalScale":"4","description":"\u003Cdiv\u003E\u003Cbr /\u003E\u003C/div\u003E","enableBulkDeletion":"false","enableRecordReuse":"true","fiscalYearStartMonth":"4","iconKey":"APP65","iconType":"PRESET","jsFiles":null,"jsScope":"ALL","name":"JSAPI課題②","roundingMode":"HALF_EVEN","theme":"PLAIN","titleComponentLocalId":null,"useComment":"true","useHistory":"true","useThumbnail":"true"},"jsFiles":[],"notification":{"appNotifications":[{"events":["RECORD_COMMENT_ADDED"],"target":{"entityId":"5853202","entityType":"FIELD_ENTITY","includeSubs":"false"}},{"events":["RECORD_COMMENT_ADDED"],"target":{"entityId":"5853203","entityType":"FIELD_ENTITY","includeSubs":"false"}}],"recordNotifications":[],"reminderTimezone":null,"reminders":[],"useComment":"true","useReminder":"false"},"plugins":[],"reports":[],"resource":{"tables":[{"rows":[{"fields":[],"objectId":"0","subObjectId":"-1"}],"type":"AppName"},{"rows":[{"fields":[],"objectId":"0","subObjectId":"-1"}],"type":"AppDescription"},{"rows":[{"fields":[],"objectId":"5853201","subObjectId":"-1"},{"fields":[],"objectId":"5853202","subObjectId":"-1"},{"fields":[],"objectId":"5853203","subObjectId":"-1"},{"fields":[],"objectId":"5853204","subObjectId":"-1"},{"fields":[],"objectId":"5853205","subObjectId":"-1"},{"fields":[],"objectId":"5853206","subObjectId":"-1"},{"fields":[],"objectId":"5853207","subObjectId":"-1"},{"fields":[],"objectId":"5853208","subObjectId":"-1"},{"fields":[],"objectId":"5853213","subObjectId":"-1"},{"fields":[],"objectId":"5853213","subObjectId":"5853209"},{"fields":[],"objectId":"5853213","subObjectId":"5853210"},{"fields":[],"objectId":"5853213","subObjectId":"5853211"},{"fields":[],"objectId":"5853213","subObjectId":"5853212"},{"fields":[],"objectId":"5853215","subObjectId":"-1"},{"fields":[],"objectId":"5853220","subObjectId":"-1"},{"fields":[],"objectId":"5853221","subObjectId":"-1"},{"fields":[],"objectId":"5853222","subObjectId":"-1"}],"type":"FieldLabel"},{"rows":[{"fields":[],"objectId":"20","subObjectId":"-1"}],"type":"ViewName"}]},"schema":{"groups":[],"revision":null,"subTable":{},"table":{"fieldList":{"5853201":{"id":"5853201","label":"レコード番号","properties":{"noLabel":"false","required":"true"},"type":"RECORD_ID","var":"レコード番号"},"5853202":{"id":"5853202","label":"更新者","properties":{"noLabel":"false","required":"true"},"type":"MODIFIER","var":"更新者"},"5853203":{"id":"5853203","label":"作成者","properties":{"noLabel":"false","required":"true"},"type":"CREATOR","var":"作成者"},"5853204":{"id":"5853204","label":"更新日時","properties":{"noLabel":"false","required":"true"},"type":"MODIFIED_AT","var":"更新日時"},"5853205":{"id":"5853205","label":"作成日時","properties":{"noLabel":"false","required":"true"},"type":"CREATED_AT","var":"作成日時"},"5853206":{"id":"5853206","label":"ステータス","properties":{"noLabel":"false","required":"false"},"type":"STATUS","var":"ステータス"},"5853207":{"id":"5853207","label":"作業者","properties":{"noLabel":"false","required":"false"},"type":"STATUS_ASSIGNEE","var":"作業者"},"5853208":{"id":"5853208","label":"カテゴリー","properties":{"noLabel":"false","required":"false"},"type":"CATEGORY","var":"カテゴリー"},"5853213":{"id":"5853213","label":"サイボウズ製品","properties":{"defaultValue":null,"noLabel":"false","options":[{"id":"5853209","label":"kintone","valid":true},{"id":"5853210","label":"Garoon","valid":true},{"id":"5853211","label":"サイボウズ Office","valid":true},{"id":"5853212","label":"Mailwise","valid":true}],"required":"true"},"type":"SINGLE_SELECT","var":"サイボウズ製品"},"5853215":{"id":"5853215","label":"重複禁止項目_自動計算","properties":{"defaultValue":"","expression":"DATE_FORMAT(日付, \"YYYYMMd\", \"Asia/Tokyo\")&\n\"-\" &\nIF(サイボウズ製品 = \"kintone\", \"KN\", \n  IF(サイボウズ製品 = \"Garoon\", \"GR\",\n    IF(サイボウズ製品 = \"サイボウズ Office\", \"OF\",\n      IF(サイボウズ製品 = \"Mailwise\", \"MW\", \"\")\n    )\n  )\n)&\n\"-\" &\n管理番号","hideExpression":"false","max":null,"min":null,"noLabel":"false","required":"false","unique":"false"},"type":"SINGLE_LINE_TEXT","var":"重複禁止項目_自動計算"},"5853220":{"id":"5853220","label":"日付","properties":{"defaultExpression":"NOW","defaultValue":null,"noLabel":"false","required":"false","unique":"false"},"type":"DATE","var":"日付"},"5853221":{"id":"5853221","label":"重複禁止項目_文字列","properties":{"defaultValue":"","expression":"","hideExpression":"false","max":"64","min":null,"noLabel":"false","required":"false","unique":"true"},"type":"SINGLE_LINE_TEXT","var":"重複禁止項目_文字列"},"5853222":{"id":"5853222","label":"管理番号","properties":{"defaultValue":null,"digit":"false","displayScale":null,"max":null,"min":null,"noLabel":"false","required":"true","roundingMode":null,"scale":null,"unique":"false","unit":"","unitPosition":"BEFORE"},"type":"DECIMAL","var":"管理番号"}},"id":"1","label":"__ROOT__","properties":{"noLabel":"true"},"type":"TABLE","var":"__ROOT__"}},"settingsNotesForm":{"content":null,"willBeInherited":null},"status":{"actions":[],"filters":[],"initialStateId":null,"states":[],"useStatus":"false"},"uuid":"19ad268e-700a-40dc-9738-0b888391902f","views":[{"advancedMode":null,"builtinType":"ALL","device":null,"fields":[{"row":[{"columnWidth":null,"id":"5853201"},{"columnWidth":null,"id":"5853213"},{"columnWidth":null,"id":"5853215"},{"columnWidth":null,"id":"5853220"},{"columnWidth":null,"id":"5853221"},{"columnWidth":null,"id":"5853222"}]}],"filter":{"category":null,"offset":null,"order":[],"q":null,"size":null,"sort":[]},"html":null,"keyFieldId":null,"name":"（すべて）","pager":null,"revision":null,"titleFieldId":null,"view":"20","viewType":"LIST"}]},{"acl":{"app":[],"field":[],"record":[]},"app":null,"category":{"categories":[],"useCategory":"false"},"form":{"layout":"[{\"id\":null,\"type\":\"ROW\",\"isSubTable\":false,\"var\":null,\"label\":null,\"controlList\":[{\"isVirtical\":true,\"styleMap\":{\"width\":116},\"type\":\"DATE\",\"var\":\"日付\",\"label\":\"日付\"},{\"isVirtical\":true,\"styleMap\":{\"width\":195},\"type\":\"SINGLE_SELECT\",\"var\":\"サイボウズ製品\",\"label\":\"サイボウズ製品\"},{\"isVirtical\":true,\"styleMap\":{\"width\":193},\"type\":\"DECIMAL\",\"var\":\"管理番号\",\"label\":\"管理番号\"}]},{\"id\":null,\"type\":\"ROW\",\"isSubTable\":false,\"var\":null,\"label\":null,\"controlList\":[{\"styleMap\":{\"width\":461},\"type\":\"HR\"}]},{\"id\":null,\"type\":\"ROW\",\"isSubTable\":false,\"var\":null,\"label\":null,\"controlList\":[{\"label\":\"\\u003Cdiv\\u003E\\u003Cb\\u003E\\u003Cfont color=\\\"#ff0000\\\"\\u003E↓重複禁止は必要ないが、重複しているかはレコード保存時に知りたい\\u003C/font\\u003E\\u003C/b\\u003E\\u003C/div\\u003E\",\"styleMap\":{\"width\":475},\"formatted\":\"\\u003Cdiv\\u003E\\u003Cb\\u003E\\u003Cfont color=\\\"#ff0000\\\"\\u003E&darr;重複禁止は必要ないが、重複しているかはレコード保存時に知りたい\\u003C/font\\u003E\\u003C/b\\u003E\\u003C/div\\u003E\",\"type\":\"LABEL\"}]},{\"id\":null,\"type\":\"ROW\",\"isSubTable\":false,\"var\":null,\"label\":null,\"controlList\":[{\"isVirtical\":true,\"styleMap\":{\"width\":435},\"type\":\"SINGLE_LINE_TEXT\",\"var\":\"重複禁止項目\",\"label\":\"重複禁止項目\"}]}]","revision":null},"iconMeta":null,"info":{"automaticallyChooseTitleComponent":"true","code":null,"decimalPrecision":"16","decimalScale":"4","description":"\u003Cdiv\u003E\u003Cbr /\u003E\u003C/div\u003E","enableBulkDeletion":"false","enableRecordReuse":"true","fiscalYearStartMonth":"4","iconKey":"APP65","iconType":"PRESET","jsFiles":null,"jsScope":"ALL","name":"RESTAPI課題②","roundingMode":"HALF_EVEN","theme":"PLAIN","titleComponentLocalId":null,"useComment":"true","useHistory":"true","useThumbnail":"true"},"jsFiles":[],"notification":{"appNotifications":[{"events":["RECORD_COMMENT_ADDED"],"target":{"entityId":"5853202","entityType":"FIELD_ENTITY","includeSubs":"false"}},{"events":["RECORD_COMMENT_ADDED"],"target":{"entityId":"5853203","entityType":"FIELD_ENTITY","includeSubs":"false"}}],"recordNotifications":[],"reminderTimezone":null,"reminders":[],"useComment":"true","useReminder":"false"},"plugins":[],"reports":[],"resource":{"tables":[{"rows":[{"fields":[],"objectId":"0","subObjectId":"-1"}],"type":"AppName"},{"rows":[{"fields":[],"objectId":"0","subObjectId":"-1"}],"type":"AppDescription"},{"rows":[{"fields":[],"objectId":"5853201","subObjectId":"-1"},{"fields":[],"objectId":"5853202","subObjectId":"-1"},{"fields":[],"objectId":"5853203","subObjectId":"-1"},{"fields":[],"objectId":"5853204","subObjectId":"-1"},{"fields":[],"objectId":"5853205","subObjectId":"-1"},{"fields":[],"objectId":"5853206","subObjectId":"-1"},{"fields":[],"objectId":"5853207","subObjectId":"-1"},{"fields":[],"objectId":"5853208","subObjectId":"-1"},{"fields":[],"objectId":"5853213","subObjectId":"-1"},{"fields":[],"objectId":"5853213","subObjectId":"5853209"},{"fields":[],"objectId":"5853213","subObjectId":"5853210"},{"fields":[],"objectId":"5853213","subObjectId":"5853211"},{"fields":[],"objectId":"5853213","subObjectId":"5853212"},{"fields":[],"objectId":"5853215","subObjectId":"-1"},{"fields":[],"objectId":"5853220","subObjectId":"-1"},{"fields":[],"objectId":"5853222","subObjectId":"-1"}],"type":"FieldLabel"},{"rows":[{"fields":[],"objectId":"20","subObjectId":"-1"}],"type":"ViewName"}]},"schema":{"groups":[],"revision":null,"subTable":{},"table":{"fieldList":{"5853201":{"id":"5853201","label":"レコード番号","properties":{"noLabel":"false","required":"true"},"type":"RECORD_ID","var":"レコード番号"},"5853202":{"id":"5853202","label":"更新者","properties":{"noLabel":"false","required":"true"},"type":"MODIFIER","var":"更新者"},"5853203":{"id":"5853203","label":"作成者","properties":{"noLabel":"false","required":"true"},"type":"CREATOR","var":"作成者"},"5853204":{"id":"5853204","label":"更新日時","properties":{"noLabel":"false","required":"true"},"type":"MODIFIED_AT","var":"更新日時"},"5853205":{"id":"5853205","label":"作成日時","properties":{"noLabel":"false","required":"true"},"type":"CREATED_AT","var":"作成日時"},"5853206":{"id":"5853206","label":"ステータス","properties":{"noLabel":"false","required":"false"},"type":"STATUS","var":"ステータス"},"5853207":{"id":"5853207","label":"作業者","properties":{"noLabel":"false","required":"false"},"type":"STATUS_ASSIGNEE","var":"作業者"},"5853208":{"id":"5853208","label":"カテゴリー","properties":{"noLabel":"false","required":"false"},"type":"CATEGORY","var":"カテゴリー"},"5853213":{"id":"5853213","label":"サイボウズ製品","properties":{"defaultValue":null,"noLabel":"false","options":[{"id":"5853209","label":"kintone","valid":true},{"id":"5853210","label":"Garoon","valid":true},{"id":"5853211","label":"サイボウズ Office","valid":true},{"id":"5853212","label":"Mailwise","valid":true}],"required":"true"},"type":"SINGLE_SELECT","var":"サイボウズ製品"},"5853215":{"id":"5853215","label":"重複禁止項目","properties":{"defaultValue":"","expression":"DATE_FORMAT(日付, \"YYYYMMd\", \"Asia/Tokyo\")&\n\"-\" &\nIF(サイボウズ製品 = \"kintone\", \"KN\", \n  IF(サイボウズ製品 = \"Garoon\", \"GR\",\n    IF(サイボウズ製品 = \"サイボウズ Office\", \"OF\",\n      IF(サイボウズ製品 = \"Mailwise\", \"MW\", \"\")\n    )\n  )\n)&\n\"-\" &\n管理番号","hideExpression":"false","max":null,"min":null,"noLabel":"false","required":"false","unique":"false"},"type":"SINGLE_LINE_TEXT","var":"重複禁止項目"},"5853220":{"id":"5853220","label":"日付","properties":{"defaultExpression":"NOW","defaultValue":null,"noLabel":"false","required":"false","unique":"false"},"type":"DATE","var":"日付"},"5853222":{"id":"5853222","label":"管理番号","properties":{"defaultValue":null,"digit":"false","displayScale":null,"max":null,"min":null,"noLabel":"false","required":"true","roundingMode":null,"scale":null,"unique":"false","unit":"","unitPosition":"BEFORE"},"type":"DECIMAL","var":"管理番号"}},"id":"1","label":"__ROOT__","properties":{"noLabel":"true"},"type":"TABLE","var":"__ROOT__"}},"settingsNotesForm":{"content":null,"willBeInherited":null},"status":{"actions":[],"filters":[],"initialStateId":null,"states":[],"useStatus":"false"},"uuid":"920ccf0b-a435-4da3-a433-cde83a21c1e1","views":[{"advancedMode":null,"builtinType":"ALL","device":null,"fields":[{"row":[{"columnWidth":null,"id":"5853201"},{"columnWidth":null,"id":"5853213"},{"columnWidth":null,"id":"5853215"},{"columnWidth":null,"id":"5853220"},{"columnWidth":null,"id":"5853222"}]}],"filter":{"category":null,"offset":null,"order":[],"q":null,"size":null,"sort":[]},"html":null,"keyFieldId":null,"name":"（すべて）","pager":null,"revision":null,"titleFieldId":null,"view":"20","viewType":"LIST"}]}],"description":"","iconKey":"APP65","iconMeta":null,"iconSrcAppId":"19ad268e-700a-40dc-9738-0b888391902f","iconType":"PRESET","imagesMeta":[],"lookups":[],"name":"[dojo] kintoneAPI課題用アプリ2","references":[],"version":"36"}